,question_text,option_a,option_b,option_c,option_d,answer
1,The sum of ages of 5 children born at the intervals of 3 years each is 50 years. What is the age of the youngest child?,4 years,8 years,10 years,None of these,A
2,"A father said to his son, ""I was as old as you are at the present at the time of your birth"". If the father's age is 38 years now, the son's age five years back was:",14 years,19 years,33 years,38 years,A
3,(17)3.5 x (17)? = 178,2.29,2.75,4.25,4.5,D
5,"Given that 100.48 = x, 100.70 = y and xz = y2, then the value of z is close to:",1.45,1.88,2.9,3.7,C
6,"If 5a = 3125, then the value of 5(a - 3) is:",25,125,625,1625,A
7,"If 3(x - y) = 27 and 3(x + y) = 243, then x is equal to:",0,2,4,6,C
9,Two students appeared at an examination. One of them secured 9 marks more than the other and his marks was 56% of the sum of their marks. The marks obtained by them are:,"39, 30","41, 32","42, 33","43, 34",C
10,"A fruit seller had some apples. He sells 40% apples and still has 420 apples. Originally, he had:",588 apples,600 apples,672 apples,700 apples,D
11,What percentage of numbers from 1 to 70 have 1 or 9 in the unit's digit?,1,14,20,21,C
13,"The cost price of 20 articles is the same as the selling price of x articles. If the profit is 25%, then the value of x is:",15,16,18,25,B
15,"In a certain store, the profit is 320% of the cost. If the cost increases by 25% but the selling price remains constant, approximately what percentage of the selling price is the profit?",30%,70%,100%,250%,B
16,A vendor bought toffees at 6 for a rupee. How many for a rupee must he sell to gain 20%?,3,4,5,6,C
17,"A and B together have Rs. 1210. If  of A's amount is equal to  of B's amount, how much amount does B have?",Rs. 460,Rs. 484,Rs. 550,Rs. 664,B
18,Two numbers are respectively 20% and 50% more than a third number. The ratio of the two numbers is:,2 : 5,3 : 5,4 : 5,6 : 7,C
19,"A sum of money is to be distributed among A, B, C, D in the proportion of  5 : 2 : 4 : 3. If C gets Rs. 1000 more than D, what is B's share?",Rs. 500,Rs. 1500,Rs. 2000,None of these,C
20,"Seats for Mathematics, Physics and Biology in a school are in the ratio 5 : 7 : 8. There is a proposal to increase these seats by 40%, 50% and 75% respectively. What will be the ratio of increased seats?",2 : 3 : 4,6 : 7 : 8,6 : 8 : 9,None of these,A
21,"In a mixture 60 litres, the ratio of milk and water 2 : 1. If this ratio is to be 1 : 2, then the quantity of water to be further added is:",20 litres,30 litres,40 litres,60 litres,D
22,"A and B invest in a business in the ratio 3 : 2. If 5% of the total profit goes to charity and A's share is Rs. 855, the total profit is:",Rs. 1425,Rs. 1500,Rs. 1537.50,Rs. 1576,B
23,"A, B and C jointly thought of engaging themselves in a business venture. It was agreed that A would invest Rs. 6500 for 6 months, B, Rs. 8400 for 5 months and C, Rs. 10,000 for 3 months. A wants to be the working member for which, he was to receive 5% of the profits. The profit earned was Rs. 7400. Calculate the share of B in the profit.",Rs. 1900,Rs. 2660,Rs. 2800,Rs. 2840,B
24,"A, B and C enter into a partnership in the ratio  :  : . After 4 months, A increases his share 50%. If the total profit at the end of one year be Rs. 21,600, then B's share in the profit is:",Rs. 2100,Rs. 2400,Rs. 3600,Rs. 4000,D
25,"A, B, C subscribe Rs. 50,000 for a business. A subscribes Rs. 4000 more than B and B Rs. 5000 more than C. Out of a total profit of Rs. 35,000, A receives:",Rs. 8400,"Rs. 11,900","Rs. 13,600","Rs. 14,700",D
26,"Three partners shared the profit in a business in the ratio 5 : 7 : 8. They had partnered for 14 months, 8 months and 7 months respectively. What was the ratio of their investments?",5 : 7 : 8,20 : 49 : 64,38 : 28 : 21,None of these,B
27,"3 pumps, working 8 hours a day, can empty a tank in 2 days. How many hours a day must 4 pumps work to empty the tank in 1 day?",9,10,11,12,D
29,"Running at the same constant rate, 6 identical machines can produce a total of 270 bottles per minute. At this rate, how many bottles could 10 such machines produce in 4 minutes?",648,1800,2700,10800,B
31,"39 persons can repair a road in 12 days, working 5 hours a day. In how many days will 30 persons, working 6 hours a day, complete the work?",10,13,14,15,B
34,"A, B and C can do a piece of work in 20, 30 and 60 days respectively. In how many days can A do the work if he is assisted by B and C on every third day?",12 days,15 days,16 days,18 days,B
36,"A alone can do a piece of work in 6 days and B alone in 8 days. A and B undertook to do it for Rs. 3200. With the help of C, they completed the work in 3 days. How much is to be paid to C?",Rs. 375,Rs. 400,Rs. 600,Rs. 800,B
40,"Two pipes A and B can fill a cistern in 37 minutes and 45 minutes respectively. Both pipes are opened. The cistern will be filled in just half an hour, if the B is turned off after:",5 min.,9 min.,10 min.,15 min.,B
41,A tank is filled by three pipes with uniform flow. The first two pipes operating simultaneously fill the tank in the same time during which the tank is filled by the third pipe alone. The second pipe fills the tank 5 hours faster than the first pipe and 4 hours slower than the third pipe. The time required by the first pipe is:,6 hours,10 hours,15 hours,30 hours,C
42,A person crosses a 600 m long street in 5 minutes. What is his speed in km per hour?,3.6,7.2,8.4,10,B
43,"An aeroplane covers a certain distance at a speed of 240 kmph in 5 hours. To cover the same distance in 1 hours, it must travel at a speed of:",300 kmph,360 kmph,600 kmph,720 kmph,D
44,"If a person walks at 14 km/hr instead of 10 km/hr, he would have walked 20 km more. The actual distance travelled by him is:",50 km,56 km,70 km,80 km,A
45,"A train can travel 50% faster than a car. Both start from point A at the same time and reach point B 75 kms away from A at the same time. On the way, however, the train lost about 12.5 minutes while stopping at the stations. The speed of the car is:",100 kmph,110 kmph,120 kmph,130 kmph,C
46,"Excluding stoppages, the speed of a bus is 54 kmph and including stoppages, it is 45 kmph. For how many minutes does the bus stop per hour?",9,10,12,20,B
47,A train running at the speed of 60 km/hr crosses a pole in 9 seconds. What is the length of the train?,120 metres,180 metres,324 metres,150 metres,D
48,"A train 125 m long passes a man, running at 5 km/hr in the same direction in which the train is going, in 10 seconds. The speed of the train is:",45 km/hr,50 km/hr,54 km/hr,55 km/hr,B
49,"The length of the bridge, which a train 130 metres long and travelling at 45 km/hr can cross in 30 seconds, is:",200 m,225 m,245 m,250 m,C
50,Two trains running in opposite directions cross a man standing on the platform in 27 seconds and 17 seconds respectively and they cross each other in 23 seconds. The ratio of their speeds is:,1 : 3,3 : 2,3 : 4,None of these,B
51,"A train passes a station platform in 36 seconds and a man standing on the platform in 20 seconds. If the speed of the train is 54 km/hr, what is the length of the platform?",120 m,240 m,300 m,None of these,B
52,"A boat can travel with a speed of 13 km/hr in still water. If the speed of the stream is 4 km/hr, find the time taken by the boat to go 68 km downstream.",2 hours,3 hours,4 hours,5 hours,C
53,A man's speed with the current is 15 km/hr and the speed of the current is 2.5 km/hr. The man's speed against the current is:,8.5 km/hr,9 km/hr,10 km/hr,12.5 km/hr,C
54,"A motorboat, whose speed in 15 km/hr in still water goes 30 km downstream and comes back in a total of 4 hours 30 minutes. The speed of the stream (in km/hr) is:",4,5,6,10,B
55,"In one hour, a boat goes 11 km/hr along the stream and 5 km/hr against the stream. The speed of the boat in still water (in km/hr) is:",3 km/hr,5 km/hr,8 km/hr,9 km/hr,C
57,"Tea worth Rs. 126 per kg and Rs. 135 per kg are mixed with a third variety in the ratio 1 : 1 : 2. If the mixture is worth Rs. 153 per kg, the price of the third variety per kg will be:",Rs. 169.50,Rs. 170,Rs. 175.50,Rs. 180,C
58,"A can contains a mixture of two liquids A and B is the ratio 7 : 5. When 9 litres of mixture are drawn off and the can is filled with B, the ratio of A and B becomes 7 : 9. How many litres of liquid A was contained by the can initially?",10,20,21,25,C
59,A milk vendor has 2 cans of milk. The first contains 25% water and the rest milk. The second contains 50% water. How much milk should he mix from each of the containers so as to get 12 litres of milk such that the ratio of water to milk is 3 : 5?,"4 litres, 8 litres","6 litres, 6 litres","5 litres, 7 litres","7 litres, 5 litres",B
60,In what ratio must a grocer mix two varieties of pulses costing Rs. 15 and Rs. 20 per kg respectively so as to get a mixture worth Rs. 16.50 kg?,3 : 7,5 : 7,7 : 3,7 : 5,C
61,A sum of money at simple interest amounts to Rs. 815 in 3 years and to Rs. 854 in 4 years. The sum is:,Rs. 650,Rs. 690,Rs. 698,Rs. 700,C
62,How much time will it take for an amount of Rs. 450 to yield Rs. 81 as interest at 4.5% per annum of simple interest?,3.5 years,4 years,4.5 years,5 years,B
63,"A bank offers 5% compound interest calculated on half-yearly basis. A customer deposits Rs. 1600 each on 1st January and 1st July of a year. At the end of the year, the amount he would have gained by way of interest is:",Rs. 120,Rs. 121,Rs. 122,Rs. 123,B
64,The difference between simple and compound interests compounded annually on a certain sum of money for 2 years at 4% per annum is Re. 1. The sum (in Rs.) is:,625,630,640,650,A
65,What is the difference between the compound interests on Rs. 5000 for 1 years at 4% per annum compounded yearly and half-yearly?,Rs. 2.04,Rs. 3.06,Rs. 4.80,Rs. 8.30,A
67,Which of the following statements is not correct?,log10 10 = 1,log (2 + 3) = log (2 x 3),log10 1 = 0,log (1 + 2 + 3) = log 1 + log 2 + log 3,B
68,"If log 2 = 0.3010 and log 3 = 0.4771, the value of log5 512 is:",2.870,2.967,3.876,3.912,C
70,"If log 27 = 1.431, then the value of log 9 is:",0.934,0.945,0.954,0.958,C
72,"The ratio between the length and the breadth of a rectangular park is 3 : 2. If a man cycling along the boundary of the park at the speed of 12 km/hr completes one round in 8 minutes, then the area of the park (in sq. m) is:",15360,153600,30720,307200,B
73,An error 2% in excess is made while measuring the side of a square. The percentage of error in the calculated area of the square is:,2%,2.02%,4%,4.04%,D
74,"The percentage increase in the area of a rectangle, if each of its sides is increased by 20% is:",40%,42%,44%,46%,C
75,"A rectangular park 60 m long and 40 m wide has two concrete crossroads running in the middle of the park and rest of the park has been used as a lawn. If the area of the lawn is 2109 sq. m, then what is the width of the road?",2.91 m,3 m,5.82 m,None of these,B
76,"A right triangle with sides 3 cm, 4 cm and 5 cm is rotated the side of 3 cm to form a cone. The volume of the cone so formed is:",12 cm3,15 cm3,16 cm3,20 cm3,A
77,"In a shower, 5 cm of rain falls. The volume of water that falls on 1.5 hectares of ground is:",75 cu. m,750 cu. m,7500 cu. m,75000 cu. m,B
78,"A hall is 15 m long and 12 m broad. If the sum of the areas of the floor and the ceiling is equal to the sum of the areas of four walls, the volume of the hall is:",720,900,1200,1800,C
79,66 cubic centimetres of silver is drawn into a wire 1 mm in diameter. The length of the wire in metres will be:,84,90,168,336,A
80,"A hollow iron pipe is 21 cm long and its external diameter is 8 cm. If the thickness of the pipe is 1 cm and iron weighs 8 g/cm3, then the weight of the pipe is:",3.6 kg,3.696 kg,36 kg,36.9 kg,B
81,"In a 100 m race, A can give B 10 m and C 28 m. In the same race B can give C:",18 m,20 m,27 m,9 m,B
82,A and B take part in 100 m race. A runs at 5 kmph. A gives B a start of 8 m and still beats him by 8 seconds. The speed of B is:,5.15 kmph,4.14 kmph,4.25 kmph,4.4 kmph,B
83,"In a 500 m race, the ratio of the speeds of two contestants A and B is 3 : 4. A has a start of 140 m. Then, A wins by:",60 m,40 m,20 m,10 m,C
84,"In a 100 m race, A beats B by 10 m and C by 13 m. In a race of 180 m, B will beat C by:",5.4 m,4.5 m,5 m,6 m,D
85,"At a game of billiards, A can give B 15 points in 60 and A can give C to 20 points in 60. How many points can B give C in a game of 90?",30 points,20 points,10 points,12 points,C
88,"What was the day of the week on 17th June, 1998?",Monday,Tuesday,Wednesday,Thursday,C
90,"Today is Monday. After 61 days, it will be:",Wednesday,Saturday,Tuesday,Thursday,B
91,An accurate clock shows 8 o'clock in the morning. Through how may degrees will the hour hand rotate when the clock shows 2 o'clock in the afternoon?,144°,150°,168°,180°,D
93,"A clock is started at noon. By 10 minutes past 5, the hour hand has turned through:",145°,150°,155°,160°,C
96,"In order to obtain an income of Rs. 650 from 10% stock at Rs. 96, one must make an investment of:",Rs. 3100,Rs. 6240,Rs. 6500,Rs. 9600,B
99,A man buys Rs. 20 shares paying 9% dividend. The man wants to have an interest of 12% on his money. The market value of each share is:,Rs. 12,Rs. 15,Rs. 18,Rs. 21,B
100,"By investing in 16% stock at 64, one earns Rs. 1500. The investment made is:",Rs. 5640,Rs. 5760,Rs. 7500,Rs. 9600,B
105,"A man purchased a cow for Rs. 3000 and sold it the same day for Rs. 3600, allowing the buyer a credit of 2 years. If the rate of interest be 10% per annum, then the man has a gain of:",0%,5%,7.5%,10%,A
107,"A trader owes a merchant Rs. 10,028 due 1 year hence. The trader wants to settle the account after 3 months. If the rate of interest 12% per annum, how much cash should he pay?",Rs. 9025.20,Rs. 9200,Rs. 9600,Rs. 9560,B
108,"If Rs. 10 be allowed as true discount on a bill of Rs. 110 due at the end of a certain time, then the discount allowed on the same sum due at the end of double the time is:",Rs. 20,Rs. 21.81,Rs. 22,Rs. 18.33,D
109,The banker's discount on a bill due 4 months hence at 15% is Rs. 420. The true discount is:,Rs. 400,Rs. 360,Rs. 480,Rs. 320,A
110,The banker's discount on Rs. 1600 at 15% per annum is the same as true discount on Rs. 1680 for the same time and at the same rate. The time is:,3 months,4 months,6 months,8 months,B
111,The banker's gain of a certain sum due 2 years hence at 10% per annum is Rs. 24. The present worth is:,Rs. 480,Rs. 520,Rs. 600,Rs. 960,C
112,The banker's discount on a sum of money for 1 years is Rs. 558 and the true discount on the same sum for 2 years is Rs. 600. The rate percent is:,10%,13%,12%,15%,C
113,The banker's gain on a sum due 3 years hence at 12% per annum is Rs. 270. The banker's discount is:,Rs. 960,Rs. 840,Rs. 1020,Rs. 760,C
114,"Two ships are sailing in the sea on the two sides of a lighthouse. The angle of elevation of the top of the lighthouse is observed from the ships are 30° and 45° respectively. If the lighthouse is 100 m high, the distance between the two ships is:",173 m,200 m,273 m,300 m,C
115,The angle of elevation of a ladder leaning against a wall is 60° and the foot of the ladder is 4.6 m away from the wall. The length of the ladder is:,2.3 m,4.6 m,7.8 m,9.2 m,D
116,An observer 1.6 m tall is 203 away from a tower. The angle of elevation from his eye to the top of the tower is 30°. The height of the tower is:,21.6 m,23.2 m,24.72 m,None of these,A
118,"3, 5, 11, 14, 17, 21",21,17,14,3,C
119,"8, 27, 64, 100, 125, 216, 343",27,100,125,343,B
120,"10, 25, 45, 54, 60, 75, 80",10,45,54,75,C
121,"396, 462, 572, 427, 671, 264",396,427,671,264,B
122,"6, 9, 15, 21, 24, 28, 30",28,21,24,30,A
123,"582, 605, 588, 611, 634, 617, 600",634,611,605,600,A
124,"22, 33, 66, 99, 121, 279, 594",33,121,279,594,C
125,"8, 13, 21, 32, 47, 63, 83",47,63,32,83,A
126,"1, 8, 27, 64, 124, 216, 343",8,27,64,124,D
127,"1, 2, 6, 15, 31, 56, 91",31,91,56,15,B
128,"16, 33, 65, 131, 261, (....)",523,521,613,721,A
129,"10, 5, 13, 10, 16, 20, 19, (....)",22,40,38,23,B
130,"1, 4, 9, 16, 25, 36, 49, (....)",54,56,64,81,C
131,"2, 4, 12, 48, 240, (....)",960,1440,1080,1920,B
132,"8, 7, 11, 12, 14, 17, 17, 22, (....)",27,20,22,24,B
133,"A man is 24 years older than his son. In two years, his age will be twice the age of his son. The present age of his son is:",14 years,18 years,20 years,22 years,D
134,"The sum of the present ages of a father and his son is 60 years. Six years ago, father's age was five times the age of the son. After 6 years, son's age will be:",12 years,14 years,18 years,20 years,D
135,"At present, the ratio between the ages of Arun and Deepak is 4 : 3. After 6 years, Arun's age will be 26 years. What is the age of Deepak at present ?",12 years,15 years,19 and half,21 years,B
136,(256)0.16 x (256)0.09 = ?,4,16,64,256.25,A
137,The value of [(10)150 ÷ (10)146],1000,10000,100000,106,B
139,(0.04)-1.5 = ?,25,125,250,625,B
140,"If 20% of  a = b, then b% of 20 is the same as:",4% of a,5% of a,20% of a,None of these,A
141,Two numbers A and B are such that the sum of 5% of A and 4% of B is two-third of the sum of 6% of A and 8% of B. Find the ratio of A : B.,2 : 3,1 : 1,3 : 4,4 : 3,D
143,"In an election between two candidates,  one got 55% of the total valid votes, 20% of the votes were invalid. If the total number of votes was 7500, the number of valid votes that the other candidate got, was:",2700,2900,3000,3100,A
144,The percentage profit earned by selling an article for Rs. 1920 is equal to the percentage loss incurred by selling the same article for Rs. 1280. At what price should the article be sold to make 25% profit?,Rs. 2000,Rs. 2200,Rs. 2400,Data inadequate,A
145,"A shopkeeper expects a gain of 22.5% on his cost price. If in a week, his sale was of Rs. 392, what was his profit?",Rs. 18.20,Rs. 70,Rs. 72,Rs. 88.25,C
146,A man buys a cycle for Rs. 1400 and sells it at a loss of 15%. What is the selling price of the cycle?,Rs. 1090,Rs. 1160,Rs. 1190,Rs. 1202,C
147,Sam purchased 20 dozens of toys at the rate of Rs. 375 per dozen. He sold each one of them at the rate of Rs. 33. What was his percentage profit?,3.5,4.5,5.6,6.5,C
149,"The ratio of the number of boys and girls in a college is 7 : 8. If the percentage increase in the number of boys and girls be 20% and 10% respectively, what will be the new ratio?",8 : 9,17 : 18,21 : 22,Cannot be determined,C
150,"Salaries of Ravi and Sumit are in the ratio 2 : 3. If the salary of each is increased by Rs. 4000, the new ratio becomes 40 : 57. What is Sumit's salary?","Rs. 17,000","Rs. 20,000","Rs. 25,500","Rs. 38,000",D
151,"If 0.75 : x :: 5 : 8, then x is equal to:",1.12,1.2,1.25,1.30,B
152,"The sum of three numbers is 98. If the ratio of the first to second is 2 :3 and that of the second to the third is 5 : 8, then the second number is:",20,30,48,58,B
153,"If Rs. 782 be divided into three parts, proportional to  :  : , then the first part is:",Rs. 182,Rs. 190,Rs. 196,Rs. 204,D
154,"A starts business with Rs. 3500 and after 5 months, B joins with A as his partner. After a year, the profit is divided in the ratio 2 : 3. What is B's contribution in the capital?",Rs. 7500,Rs. 8000,Rs. 8500,Rs. 9000,D
155,"A and B entered into partnership with capitals in the ratio 4 : 5. After 3 months, A withdrew  of his capital and B withdrew  of his capital. The gain at the end of 10 months was Rs. 760. A's share in this profit is:",Rs. 330,Rs. 360,Rs. 380,Rs. 430,A
156,"A and B started a partnership business investing some amount in the ratio of 3 : 5. C joined then after six months with an amount equal to that of B. In what proportion should the profit at the end of one year be distributed among A, B and C?",3 : 5 : 2,3 : 5 : 5,6 : 10 : 5,Data inadequate,C
157,"A, B, C rent a pasture. A puts 10 oxen for 7 months, B puts 12 oxen for 5 months and C puts 15 oxen for 3 months for grazing. If the rent of the pasture is Rs. 175, how much must C pay as his share of rent?",Rs. 45,Rs. 50,Rs. 55,Rs. 60,A
158,"A and B started a business in partnership investing Rs. 20,000 and Rs. 15,000 respectively. After six months, C joined them with Rs. 20,000. What will be B's share in total profit of Rs. 25,000 earned at the end of 2 years from the starting of the business?",Rs. 7500,Rs. 9000,Rs. 9500,"Rs. 10,000",A
160,"If a quarter kg of potato costs 60 paise, how many paise will 200 gm cost?",48 paise,54 paise,56 paise,72 paise,A
162,"A wheel that has 6 cogs is meshed with a larger wheel of 14 cogs. When the smaller wheel has made 21 revolutions, then the number of revolutions mad by the larger wheel is:",4,9,12,49,B
164,"If 6 men and 8 boys can do a piece of work in 10 days while 26 men and 48 boys can do the same in 2 days, the time taken by 15 men and 20 boys in doing the same type of work will be:",4 days,5 days,6 days,7 days,A
165,"A can do a piece of work in 4 hours; B and C together can do it in 3 hours, while A and C together can do it in 2 hours. How long will B alone take to do it?",8 hours,10 hours,12 hours,24 hours,C
166,"A can do a certain work in the same time in which B and C together can do it. If A and B together could do it in 10 days and C alone in 50 days, then B alone could do it in:",15 days,20 days,25 days,30 days,C
167,A does 80% of a work in 20 days. He then calls in B and they together finish the remaining work in 3 days. How long B alone would take to do the whole work?,23 days,37 days,37,40 days,C
168,"A machine P can print one lakh books in 8 hours, machine Q can print the same number of books in 10 hours while machine R can print them in 12 hours. All the machines are started at 9 A.M. while machine P is closed at 11 A.M. and the remaining two machines complete work. Approximately at what time will the work (to print one lakh books) be finished ?",11:30 A.M.,12 noon,12:30 P.M.,1:00 P.M.,D
169,Two pipes can fill a tank in 20 and 24 minutes respectively and a waste pipe can empty 3 gallons per minute. All the three pipes working together can fill the tank in 15 minutes. The capacity of the tank is:,60 gallons,100 gallons,120 gallons,180 gallons,C
170,"Two pipes A and B together can fill a cistern in 4 hours. Had they been opened separately, then B would have taken 6 hours more than A to fill the cistern. How much time will be taken by A to fill the cistern separately?",1 hour,2 hours,6 hours,8 hours,C
171,"Two pipes A and B can fill a tank in 20 and 30 minutes respectively. If both the pipes are used together, then how long will it take to fill the tank?",12 min,15 min,25 min,50 min,A
172,"Two pipes A and B can fill a tank in 15 minutes and 20 minutes respectively. Both the pipes are opened together but after 4 minutes, pipe A is turned off. What is the total time required to fill the tank?",10 min. 20 sec.,11 min. 45 sec.,12 min. 30 sec.,14 min. 40 sec.,D
173,"In a flight of 600 km, an aircraft was slowed down due to bad weather. Its average speed for the trip was reduced by 200 km/hr and the time of flight increased by 30 minutes. The duration of the flight is:",1 hour,2 hours,3 hours,4 hours,A
174,A man complete a journey in 10 hours. He travels first half of the journey at the rate of 21 km/hr and second half at the rate of 24 km/hr. Find the total journey in km.,220 km,224 km,230 km,234 km,B
175,"The ratio between the speeds of two trains is 7 : 8. If the second train runs 400 km in 4 hours, then the speed of the first train is:",70 km/hr,75 km/hr,84 km/hr,87.5 km/hr,D
176,A man on tour travels first 160 km at 64 km/hr and the next 160 km at 80 km/hr. The average speed for the first 320 km of the tour is:,35.55 km/hr,36 km/hr,71.11 km/hr,71 km/hr,C
178,A train 240 m long passes a pole in 24 seconds. How long will it take to pass a platform 650 m long?,65 sec,89 sec,100 sec,150 sec,B
179,Two trains of equal length are running on parallel lines in the same direction at 46 km/hr and 36 km/hr. The faster train passes the slower train in 36 seconds. The length of each train is:,50 m,72 m,80 m,82 m,A
180,A train 360 m long is running at a speed of 45 km/hr. In what time will it pass a bridge 140 m long?,40 sec,42 sec,45 sec,48 sec,A
181,Two trains are moving in opposite directions @ 60 km/hr and 90 km/hr. Their lengths are 1.10 km and 0.9 km respectively. The time taken by the slower train to cross the faster train in seconds is:,36,45,48,49,C
182,A jogger running at 9 kmph alongside a railway track in 240 metres ahead of the engine of a 120 metres long train running at 45 kmph in the same direction. In how much time will the train pass the jogger?,3.6 sec,18 sec,36 sec,72 sec,C
183,"A boat running downstream covers a distance of 16 km in 2 hours while for covering the same distance upstream, it takes 4 hours. What is the speed of the boat in still water?",4 km/hr,6 km/hr,8 km/hr,Data inadequate,B
184,The speed of a boat in still water in 15 km/hr and the rate of current is 3 km/hr. The distance travelled downstream in 12 minutes is:,1.2 km,1.8 km,2.4 km,3.6 km,D
185,"A boat takes 90 minutes less to travel 36 miles downstream than to travel the same distance upstream. If the speed of the boat in still water is 10 mph, the speed of the stream is:",2 mph,2.5 mph,3 mph,4 mph,A
186,"A man can row at 5 kmph in still water. If the velocity of current is 1 kmph and it takes him 1 hour to row to a place and come back, how far is the place?",2.4 km,2.5 km,3 km,3.6 km,A
187,A dishonest milkman professes to sell his milk at cost price but he mixes it with water and thereby gains 25%. The percentage of water in the mixture is:,4%,6%,20%,25%,C
188,How many kilogram of sugar costing Rs. 9 per kg must be mixed with 27 kg of sugar costing Rs. 7 per kg so that there may be a gain of 10% by selling the mixture at Rs. 9.24 per kg?,36 kg,42 kg,54 kg,63 kg,D
189,A container contains 40 litres of milk. From this container 4 litres of milk was taken out and replaced by water. This process was repeated further two times. How much milk is now contained by the container?,26.34 litres,27.36 litres,28 litres,29.16 litres,D
191,In what ratio must water be mixed with milk to gain 16% on selling the mixture at cost price?,1 : 6,6 : 1,2 : 3,4 : 3,A
192,"An automobile financier claims to be lending money at simple interest, but he includes the interest every six months for calculating the principal. If he is charging an interest of 10%, the effective rate of interest becomes:",10%,10.25%,10.5%,None of these,B
194,A man took loan from a bank at the rate of 12% p.a. simple interest. After 3 years he had to pay Rs. 5400 interest only for the period. The principal amount borrowed by him was:,Rs. 2000,"Rs. 10,000","Rs. 15,000","Rs. 20,000",C
195,At what rate of compound interest per annum will a sum of Rs. 1200 become Rs. 1348.32 in 2 years?,6%,6.5%,7%,7.5%,A
196,The least number of complete years in which a sum of money put out at 20% compound interest will be more than doubled is:,3,4,5,6,B
197,Albert invested an amount of Rs. 8000 in a fixed deposit scheme for 2 years at compound interest rate 5 p.c.p.a. How much amount will Albert get on maturity of the fixed deposit?,Rs. 8600,Rs. 8620,Rs. 8820,None of these,C
198,The effective annual rate of interest corresponding to a nominal rate of 6% per annum payable half-yearly is:,6.06%,6.07%,6.08%,6.09%,D
201,"If log10 2 = 0.3010, the value of log10 80 is:",1.6020,1.9030,3.9030,None of these,B
202,"If log10 5 + log10 (5x + 1) = log10 (x + 5) + 1, then x is equal to:",1,3,5,10,B
205,"A towel, when bleached, was found to have lost 20% of its length and 10% of its breadth. The percentage of decrease in area is:",10%,10.08%,20%,28%,D
206,"A man walked diagonally across a square lot. Approximately, what was the percent saved by not walking along the edges?",20,24,30,33,C
207,The diagonal of a rectangle is 41 cm and its area is 20 sq. cm. The perimeter of the rectangle must be:,9 cm,18 cm,20 cm,41 cm,B
208,What is the least number of squares tiles required to pave the floor of a room 15 m 17 cm long and 9 m 2 cm broad?,814,820,840,844,A
209,A boat having a length 3 m and breadth 2 m is floating on a lake. The boat sinks by 1 cm when a man gets on it. The mass of the man is:,12 kg,60 kg,72 kg,96 kg,B
210,"50 men took a dip in a water tank 40 m long and 20 m broad on a religious day. If the average displacement of water by a man is 4 m3, then the rise in the water level in the tank will be:",20 cm,25 cm,35 cm,50 cm,B
211,The slant height of a right circular cone is 10 m and its height is 8 m. Find the area of its curved surface.,30 m2,40 m2,60 m2,80 m2,C
212,A cistern 6m long and 4 m wide contains water up to a depth of 1 m 25 cm. The total area of the wet surface is:,49 m2,50 m2,53.5 m2,55 m2,A
213,"A metallic sheet is of rectangular shape with dimensions 48 m x 36 m. From each of its corners, a square is cut off so as to make an open box. If the length of the square is 8 m, the volume of the box (in m3) is:",4830,5120,6420,8960,B
215,"In 100 m race, A covers the distance in 36 seconds and B in 45 seconds. In this race A beats B by:",20 m,25 m,22.5 m,9 m,A
216,"In a game of 100 points, A can give B 20 points and C 28 points. Then, B can give C:",8 points,10 points,14 points,40 points,B
217,In a 200 metres race A beats B by 35 m or 7 seconds. A's time over the course is:,40 sec,47 sec,33 sec,None of these,C
219,"If 6th March, 2005 is Monday, what was the day of the week on 6th March, 2004?",Sunday,Saturday,Tuesday,Wednesday,A
220,"On what dates of April, 2001 did Wednesday fall?","1st, 8th, 15th, 22nd, 29th","2nd, 9th, 16th, 23rd, 30th","3rd, 10th, 17th, 24th","4th, 11th, 18th, 25th",D
221,How many days are there in x weeks x days?,7x2,8x,14x,7,B
223,"On 8th Feb, 2005 it was Tuesday. What was the day of the week on 8th Feb, 2004?",Tuesday,Monday,Sunday,Wednesday,C
226,"The angle between the minute hand and the hour hand of a clock when the time is 4.20, is:",0°,10°,5°,20°,B
228,"At 3:40, the hour hand and the minute hand of a clock form an angle of:",120°,125°,130°,135°,C
229,A 6% stock yields 8%. The market value of the stock is:,Rs. 48,Rs. 75,Rs. 96,Rs. 133.33,B
230,"A man invested Rs. 4455 in Rs. 10 shares quoted at Rs. 8.25. If the rate of dividend be 12%, his annual income is:",Rs. 207.40,Rs. 534.60,Rs. 648,Rs. 655.60,C
231,Rs. 9800 are invested partly in 9% stock at 75 and 10% stock at 80 to have equal amount of incomes. The investment in 9% stock is:,Rs. 4800,Rs. 5000,Rs. 5400,Rs. 5600,B
232,"A man invests some money partly in 9% stock at 96 and partly in 12% stock at 120. To obtain equal dividends from both, he must invest the money in the ratio:",3 : 4,3 : 5,4 : 5,16 : 15,D
233,"By investing Rs. 1620 in 8% stock, Michael earns Rs. 135. The stock is then quoted at:",Rs. 80,Rs. 96,Rs. 106,Rs. 108,B
234,"How many 3-digit numbers can be formed from the digits 2, 3, 5, 6, 7 and 9, which are divisible by 5 and none of the digits is repeated?",5,10,15,20,D
241,The true discount on a bill due 9 months hence at 16% per annum is Rs. 189. The amount of the bill is:,Rs. 1386,Rs. 1764,Rs. 1575,Rs. 2268,B
242,"A man buys a watch for Rs. 1950 in cash and sells it for Rs. 2200 at a credit of 1 year. If the rate of interest is 10% per annum, the man:",gains Rs. 55,gains Rs. 50,loses Rs. 30,gains Rs. 30,B
243,The true discount on Rs. 1760 due after a certain time at 12% per annum is Rs. 160. The time after which it is due is:,6 months,8 months,9 months,10 months,D
244,"The present worth of Rs. 2310 due 2 years hence, the rate of interest being 15% per annum, is:",Rs. 1750,Rs. 1680,Rs. 1840,Rs. 1443.75,B
245,The banker's discount of a certain sum of money is Rs. 72 and the true discount on the same sum for the same time is Rs. 60. The sum due is:,Rs. 360,Rs. 432,Rs. 540,Rs. 1080,A
246,The certain worth of a certain sum due sometime hence is Rs. 1600 and the true discount is Rs. 160. The banker's gain is:,Rs. 20,Rs. 24,Rs. 16,Rs. 12,C
247,The present worth of a certain bill due sometime hence is Rs. 800 and the true discount is Rs. 36. The banker's discount is:,Rs. 37,Rs. 37.62,Rs. 34.38,Rs. 38.98,B
248,The banker's gain on a bill due 1 year hence at 12% per annum is Rs. 6. The true discount is:,Rs. 72,Rs. 36,Rs. 54,Rs. 50,D
250,"The angle of elevation of the sun, when the length of the shadow of a tree 3 times the height of the tree, is:",30°,45°,60°,90°,A
251,"1, 4, 9, 16, 23, 25, 36",9,23,25,36,B
252,"1, 4, 9, 16, 20, 36, 49",1,9,20,49,C
253,"2, 5, 10, 17, 26, 37, 50, 64",50,26,37,64,D
254,"10, 14, 16, 18, 21, 24, 26",26,24,21,18,C
255,"16, 25, 36, 72, 144, 196, 225",36,72,196,225,B
256,"52, 51, 48, 43, 34, 27, 16",27,34,43,48,B
257,"4, 6, 8, 9, 10, 11, 12",10,11,12,9,B
258,"105, 85, 60, 30, 0, -45, -90",0,85,-45,60,A
259,"5, 16, 6, 16, 7, 16, 9",9,7,6,None of these,A
260,"125, 127, 130, 135, 142, 153, 165",130,142,153,165,D
261,"11, 13, 17, 19, 23, 29, 31, 37, 41, (....)",43,47,53,51,A
262,"8, 24, 12, 36, 18, 54, (....)",27,108,68,72,A
263,"2, 6, 12, 20, 30, 42, 56, (....)",61,64,72,70,C
264,"4, -8, 16, -32, 64, (....)",128,-128,192,-192,B
265,"7, 26, 63, 124, 215, 342, (....)",481,511,391,421,B
266,"The present ages of three persons in proportions 4 : 7 : 9. Eight years ago, the sum of their ages was 56. Find their present ages (in years).","8, 20, 28","16, 28, 36","20, 35, 45",None of these,B
267,Ayesha's father was 38 years of age when she was born while her mother was 36 years old when her brother four years younger to her was born. What is the difference between the ages of her parents?,2 years,4 years,6 years,8 years,C
268,"A person's present age is two-fifth of the age of his mother. After 8 years, he will be one-half of the age of his mother. How old is the mother at present?",32 years,36 years,40 years,48 years,C
269,"The age of father 10 years ago was thrice the age of his son. Ten years hence, father's age will be twice that of his son. The ratio of their present ages is:",5 : 2,7 : 3,9 : 2,13 : 4,B
272,"If m and n are whole numbers such that mn = 121, the value of (m - 1)n + 1 is:",1,10,121,1000,D
275,"Three candidates contested an election and received 1136, 7636 and 11628 votes respectively. What percentage of the total votes did the winning candidate get?",57%,60%,65%,90%,A
276,"Two tailors X and Y are paid a total of Rs. 550 per week by their employer. If X is paid 120 percent of the sum paid to Y, how much is Y paid per week?",Rs. 200,Rs. 250,Rs. 300,None of these,B
277,"Gauri went to the stationers and bought things worth Rs. 25, out of which 30 paise went on sales tax on taxable purchases. If the tax rate was 6%, then what was the cost of the tax free items?",Rs. 15,Rs. 15.70,Rs. 19.70,Rs. 20,C
278,"Rajeev buys good worth Rs. 6650. He gets a rebate of 6% on it. After getting the rebate, he pays sales tax @ 10%. Find the amount he will have to pay for the goods.",Rs. 6876.10,Rs. 6999.20,Rs. 6654,Rs. 7000,A
279,"The population of a town increased from 1,75,000 to 2,62,500 in a decade. The average percent increase of population per year is:",4.37%,5%,6%,8.75%,B
280,"On selling 17 balls at Rs. 720, there is a loss equal to the cost price of 5 balls. The cost price of a ball is:",Rs. 45,Rs. 50,Rs. 55,Rs. 60,D
281,"When a plot is sold for Rs. 18,700, the owner loses 15%. At what price must that plot be sold in order to gain 15%?","Rs. 21,000","Rs. 22,500","Rs. 25,300","Rs. 25,800",C
284,"The salaries A, B, C are in the ratio 2 : 3 : 5. If the increments of 15%, 10% and 20% are allowed respectively in their salaries, then what will be new ratio of their salaries?",3 : 3 : 10,10 : 11 : 20,23 : 33 : 60,Cannot be determined,C
285,"If 40% of a number is equal  to two-third of another number, what is the ratio of first number to the second number?",2 : 5,3 : 7,5 : 3,7 : 3,C
286,"The fourth proportional to 5, 8, 15 is:",18,24,19,20,B
287,"Two number are in the ratio 3 : 5. If 9 is subtracted from each, the new numbers are in the ratio 12 : 23. The smaller number is:",27,33,49,55,B
288,"In a bag, there are coins of 25 p, 10 p and 5 p in the ratio of 1 : 2 : 3. If there is Rs. 30 in all, how many 5 p coins are there?",50,100,150,200,C
289,"A began a business with Rs. 85,000. He was joined afterwards by B with Rs. 42,500. For how much period does B join, if the profits at the end of the year are divided in the ratio of 3 : 1?",4 months,5 months,6 months,8 months,D
290,"Aman started a business investing Rs. 70,000. Rakhi joined him after six months with an amount of Rs.. 1,05,000 and Sagar joined them with Rs. 1.4 lakhs after another six months. The amount of profit earned should be distributed in what ratio among Aman, Rakhi and Sagar respectively, 3 years after Aman started the business?",7 : 6 : 10,12 : 15 : 16,42 : 45 : 56,Cannot be determined,B
291,"Arun, Kamal and Vinay invested Rs. 8000, Rs. 4000 and Rs. 8000 respectively in a business. Arun left after six months. If after eight months, there was a gain of Rs. 4005, then what will be the share of Kamal?",Rs. 890,Rs. 1335,Rs. 1602,Rs. 1780,A
292,"Simran started a software business by investing Rs. 50,000. After six months, Nanda joined her with a capital of Rs. 80,000. After 3 years, they earned a profit of Rs. 24,500. What was Simran's share in the profit?","Rs. 9,423","Rs. 10,250","Rs. 12,500","Rs. 10,500",D
293,"A flagstaff 17.5 m high casts a shadow of length 40.25 m. The height of the building, which casts a shadow of length 28.75 m under similar conditions will be:",10 m,12.5 m,17.5 m,21.25 m,B
294,"In a camp, there is a meal for 120 men or 200 children. If 150 children have taken the meal, how many men will be catered to with remaining meal?",20,30,40,50,B
295,"An industrial loom weaves 0.128 metres of cloth every second. Approximately, how many seconds will it take for the loom to weave 25 metres of cloth?",178,195,204,488,B
296,"4 mat-weavers can weave 4 mats in 4 days. At the same rate, how many mats would be woven by 8 mat-weavers in 8 days?",4,8,12,16,D
298,"4 men and 6 women can complete a work in 8 days, while 3 men and 7 women can complete it in 10 days. In how many days will 10 women complete it?",35,40,45,50,B
299,"A and B can together finish a work 30 days. They worked together for 20 days and then B left. After another 20 days, A finished the remaining work. In how many days A alone can finish the work?",40,50,54,60,D
301,"One pipe can fill a tank three times as fast as another pipe. If together the two pipes can fill the tank in 36 minutes, then the slower pipe alone will be able to fill the tank in:",81 min.,108 min.,144 min.,192 min.,C
302,A large tanker can be filled by two pipes A and B in 60 minutes and 40 minutes respectively. How many minutes will it take to fill the tanker from empty state if B is used for half the time and A and B fill it together for the other half?,15 min,20 min,27.5 min,30 min,D
303,"A tap can fill a tank in 6 hours. After half the tank is filled, three more similar taps are opened. What is the total time taken to fill the tank completely?",3 hrs 15 min,3 hrs 45 min,4 hrs,4 hrs 15 min,B
305,"Three pipes A, B and C can fill a tank in 6 hours. After working at it together for 2 hours, C is closed and A and B can fill the remaining part in 7 hours. The number of hours taken by C alone to fill the tank is:",10,12,14,16,C
306,"In covering a distance of 30 km, Abhay takes 2 hours more than Sameer. If Abhay doubles his speed, then he would take 1 hour less than Sameer. Abhay's speed is:",5 kmph,6 kmph,6.25 kmph,7.5 kmph,A
307,"Robert is travelling on his cycle and has calculated to reach point A at 2 P.M. if he travels at 10 kmph, he will reach there at 12 noon if he travels at 15 kmph. At what speed must he travel to reach A at 1 P.M.?",8 kmph,11 kmph,12 kmph,14 kmph,C
308,"It takes eight hours for a 600 km journey, if 120 km is done by train and the rest by car. It takes 20 minutes more, if 200 km is done by train and the rest by car. The ratio of the speed of the train to that of the cars is:",2 : 3,3 : 2,3 : 4,4 : 3,C
309,A farmer travelled a distance of 61 km in 9 hours. He travelled partly on foot @ 4 km/hr and partly on bicycle @ 9 km/hr. The distance travelled on foot is:,14 km,15 km,16 km,17 km,C
311,A goods train runs at the speed of 72 kmph and crosses a 250 m long platform in 26 seconds. What is the length of the goods train?,230 m,240 m,260 m,270 m,D
312,"Two trains, each 100 m long, moving in opposite directions, cross each other in 8 seconds. If one is moving twice as fast the other, then the speed of the faster train is:",30 km/hr,45 km/hr,60 km/hr,75 km/hr,C
313,"Two trains 140 m and 160 m long run at the speed of 60 km/hr and 40 km/hr respectively in opposite directions on parallel tracks. The time (in seconds) which they take to cross each other, is:",9,9.6,10,10.8,D
314,A train 110 metres long is running with a speed of 60 kmph. In what time will it pass a man who is running at 6 kmph in the direction opposite to that in which the train is going?,5 sec,6 sec,7 sec,10 sec,B
315,A boatman goes 2 km against the current of the stream in 1 hour and goes 1 km along the current in 10 minutes. How long will it take to go 5 km in stationary water?,40 minutes,1 hour,1 hr 15 min,1 hr 30 min,C
316,A man can row three-quarters of a kilometre against the stream in 11 minutes and down the stream in 7 minutes. The speed (in km/hr) of the man in still water is:,2,3,4,5,D
317,Speed of a boat in standing water is 9 kmph and the speed of the stream is 1.5 kmph. A man rows to a place at a distance of 105 km and comes back to the starting point. The total time taken by him is:,16 hours,18 hours,20 hours,24 hours,D
318,A man takes twice as long to row a distance against the stream as to row the same distance in favour of the stream. The ratio of the speed of the boat (in still water) and the stream is:,2 : 1,3 : 1,3 : 2,4 : 3,B
319,A man rows to a place 48 km distant and come back in 14 hours. He finds that he can row 4 km with the stream in the same time as 3 km against the stream. The rate of the stream is:,1 km/hr,1.5 km/hr,2 km/hr,2.5 km/hr,A
321,In what ratio must a grocer mix two varieties of tea worth Rs. 60 a kg and Rs. 65 a kg so that by selling the mixture at Rs. 68.20 a kg he may gain 10%?,3 : 2,3 : 4,3 : 5,4 : 5,A
322,"The cost of Type 1 rice is Rs. 15 per kg and Type 2 rice is Rs. 20 per kg. If both Type 1 and Type 2 are mixed in the ratio of 2 : 3, then the price per kg of the mixed variety of rice is:",Rs. 18,Rs. 18.50,Rs. 19,Rs. 19.50,A
323,8 litres are drawn from a cask full of wine and is then filled with water. This operation is performed three more times. The ratio of the quantity of wine now left in cask to that of water is 16 : 65. How much wine did the cask hold originally?,18 litres,24 litres,32 litres,42 litres,B
324,"A merchant has 1000 kg of sugar, part of which he sells at 8% profit and the rest at 18% profit. He gains 14% on the whole. The quantity sold at 18% profit is:",400 kg,560 kg,600 kg,640 kg,C
325,A sum of money amounts to Rs. 9800 after 5 years and Rs. 12005 after 8 years at the same rate of simple interest. The rate of interest per annum is:,5%,8%,12%,15%,C
326,A person borrows Rs. 5000 for 2 years at 4% p.a. simple interest. He immediately lends it to another person at 6% p.a for 2 years. Find his gain in the transaction per year.,Rs. 112.50,Rs. 125,Rs. 225,Rs. 167.50,A
327,Simple interest on a certain sum of money for 3 years at 8% per annum is half the compound interest on Rs. 4000 for 2 years at 10% per annum. The sum placed on simple interest is:,Rs. 1550,Rs. 1650,Rs. 1750,Rs. 2000,C
328,"If the simple interest on a sum of money for 2 years at 5% per annum is Rs. 50, what is the compound interest on the same at the same rate and for the same time?",Rs. 51.25,Rs. 52,Rs. 54.25,Rs. 60,A
329,The compound interest on a certain sum for 2 years at 10% per annum is Rs. 525. The simple interest on the same sum for double the time at half the rate percent per annum is:,Rs. 400,Rs. 500,Rs. 600,Rs. 800,B
330,"If log 2 = 0.30103, the number of digits in 264 is:",18,19,20,21,C
333,"If logx y = 100 and log2 x = 10, then the value of y is:",210,2100,21000,210000,C
335,"The difference between the length and breadth of a rectangle is 23 m. If its perimeter is 206 m, then its area is:",1520 m2,2420 m2,2480 m2,2520 m2,D
336,"The length of a rectangle is halved, while its breadth is tripled. What is the percentage change in area?",25% increase,50% increase,50% decrease,75% decrease,B
337,"A rectangular field is to be fenced on three sides leaving a side of 20 feet uncovered. If the area of the field is 680 sq. feet, how many feet of fencing will be required?",34,40,68,88,D
338,"A tank is 25 m long, 12 m wide and 6 m deep. The cost of plastering its walls and bottom at 75 paise per sq. m, is:",Rs. 456,Rs. 458,Rs. 558,Rs. 568,C
339,The curved surface area of a cylindrical pillar is 264 m2 and its volume is  924 m3. Find the ratio of its diameter to its height.,3 : 7,7 : 3,6 : 7,7 : 6,B
340,A cistern of capacity 8000 litres measures externally 3.3 m by 2.6 m by 1.1 m and its walls are 5 cm thick. The thickness of the bottom is:,90 cm,1 dm,1 m,1.1 cm,B
341,What is the total surface area of a right circular cone of height 14 cm and base radius 7 cm?,344.35 cm2,462 cm2,498.35 cm2,None of these,C
342,"A large cube is formed from the material obtained by melting three smaller cubes of 3, 4 and 5 cm side. What is the ratio of the total surface areas of the smaller cubes and the large cube?",2 : 1,3 : 2,25 : 18,27 : 20,C
343,"How many bricks, each measuring 25 cm x 11.25 cm x 6 cm, will be needed to build a wall of 8 m x 6 m x 22.5 cm?",5600,6000,6400,7200,C
344,In a 300 m race A beats B by 22.5 m  or 6 seconds. B's time over the course is:,86 sec,80 sec,76 sec,None of these,B
345,"A runs 1 times as fast as B. If A gives B a start of 80 m, how far must the winning post be so that A and B might reach it at the same time?",200 m,300 m,270 m,160 m,A
346,"In a 100 m race, A can beat B by 25 m and B can beat C by 4 m. In the same race, A can beat C by:",21 m,26 m,28 m,29 m,C
347,The calendar for the year 2007 will be the same for the year:,2014,2016,2017,2018,D
348,Which of the following is not a leap year?,700,800,1200,2000,A
350,"January 1, 2008 is Tuesday. What day of the week lies on Jan 1, 2009?",Monday,Wednesday,Thursday,Sunday,C
351,"January 1, 2007 was Monday. What day of the week lies on Jan. 1, 2008?",Monday,Tuesday,Wednesday,Sunday,B
352,How many times are the hands of a clock at right angle in a day?,22,24,44,48,C
353,"The angle between the minute hand and the hour hand of a clock when the time is 8.30, is:",80°,75°,60°,105°,B
354,"How many times in a day, are the hands of a clock in straight line but opposite in direction?",20,22,24,48,B
357,A man invested Rs. 1552 in a stock at 97 to obtain an income of Rs. 128. The dividend from the stock is:,7.5%,8%,9.7%,None of these,B
358,A 12% stock yielding 10% is quoted at:,Rs. 83.33,Rs. 110,Rs. 112,Rs. 120,D
359,"The market value of a 10.5% stock, in which an income of Rs. 756 is derived by investing Rs. 9000, brokerage being %, is:",Rs. 108.25,Rs. 112.20,Rs. 124.75,Rs. 125.25,C
361,"Sakshi invests a part of Rs. 12,000 in 12% stock at Rs. 120 and the remainder in 15% stock at Rs. 125. If his total dividend per annum is Rs. 1360, how much does he invest in 12% stock at Rs. 120?",Rs. 4000,Rs. 4500,Rs. 5500,Rs. 6000,A
362,"How many 4-letter words with or without meaning, can be formed out of the letters of the word, 'LOGARITHMS', if repetition of letters is not allowed?",40,400,5040,2520,C
363,In how many different ways can the letters of the word 'MATHEMATICS' be arranged so that the vowels always come together?,10080,4989600,120960,None of these,C
369,"Rs. 20 is the true discount on Rs. 260 due after a certain time. What will be the true discount on the same sum due after half of the former time, the rate of interest being the same?",Rs. 10,Rs. 10.40,Rs. 15.20,Rs. 13,B
371,The simple interest and the true discount on a certain sum for a given time and at a given rate are Rs. 85 and Rs. 80 respectively. The sum is:,Rs. 1800,Rs. 1450,Rs. 1360,Rs. 6800,C
372,The present worth of Rs. 1404 due in two equal half-yearly installments at 8% per annum simple interest is:,Rs. 1325,Rs. 1300,Rs. 1350,Rs. 1500,A
373,"If the true discount on s sum due 2 years hence at 14% per annum be Rs. 168, the sum due is:",Rs. 768,Rs. 968,Rs. 1960,Rs. 2400,A
374,The present worth of a sum due sometime hence is Rs. 576 and the banker's gain is Rs. 16. The true discount is:,Rs. 36,Rs. 72,Rs. 48,Rs. 96,D
375,The true discount on a bill of Rs. 540 is Rs. 90. The banker's discount is:,Rs. 60,Rs. 108,Rs. 110,Rs. 112,B
377,"331, 482, 551, 263, 383, 362, 284",263,383,331,551,B
378,"835, 734, 642, 751, 853, 981, 532",751,853,981,532,A
379,"41, 43, 47, 53, 61, 71, 73, 81",61,71,73,81,D
380,"3, 5, 7, 12, 17, 19",19,17,5,12,D
381,"46080, 3840, 384, 48, 24, 2, 1",1,2,24,384,C
382,"6, 13, 18, 25, 30, 37, 40",25,30,37,40,D
383,"36, 54, 18, 27, 9, 18.5, 4.5",4.5,18.5,54,18,B
384,"56, 72, 90, 110, 132, 150",72,110,132,150,D
385,"25, 36, 49, 81, 121, 169, 225",36,49,121,169,A
386,"5, 10, 13, 26, 29, 58, 61, (....)",122,64,125,128,A
387,"15, 31, 63, 127, 255, (....)",513,511,517,523,B
388,"1, 8, 27, 64, 125, 216, (....)",354,343,392,245,B
389,"3, 7, 6, 5, 9, 3, 12, 1, 15, (....)",18,13,-1,3,C
390,X and Y can do a piece of work in 20 days and 12 days respectively. X started the work alone and then after 4 days Y joined him till the completion of the work. How long did the work last?,6 days,10 days,15 days,20 days,B
392,"Ravi and Kumar are working on an assignment. Ravi takes 6 hours to type 32 pages on a computer, while Kumar takes 5 hours to type 40 pages. How much time will they take, working together on two different computers to type an assignment of 110 pages?",7 hours 30 minutes,8 hours,8 hours 15 minutes,8 hours 25 minutes,C
394,Sakshi can do a piece of work in 20 days. Tanya is 25% more efficient than Sakshi. The number of days taken by Tanya to do the same piece of work is:,15,16,18,25,B
395,A train travelling at a speed of 75 mph enters a tunnel 3 miles long. The train is  mile long. How long does it take for the train to pass through the tunnel from the moment the front enters to the moment the rear emerges?,2.5 min,3 min,3.2 min,3.5 min,B
396,"A train 800 metres long is running at a speed of 78 km/hr. If it crosses a tunnel in 1 minute, then the length of the tunnel (in meters) is:",130,360,500,540,C
397,A 300 metre long train crosses a platform in 39 seconds while it crosses a signal pole in 18 seconds. What is the length of the platform?,320 m,350 m,650 m,Data inadequate,B
398,A train speeds past a pole in 15 seconds and a platform 100 m long in 25 seconds. Its length is:,50 m,150 m,200 m,Data inadequate,B
399,A train moves past a telegraph post and a bridge 264 m long in 8 seconds and 20 seconds respectively. What is the speed of the train?,69.5 km/hr,70 km/hr,79 km/hr,79.2 km/hr,D
401,How many times do the hands of a clock coincide in a day?,20,21,22,24,C
402,"How many times in a day, the hands of a clock are straight?",22,24,44,48,C
403,A watch which gains uniformly is 2 minutes low at noon on Monday and is 4 min. 48 sec fast at 2 p.m. on the following Monday. When was it correct?,2 p.m. on Tuesday,2 p.m. on Wednesday,3 p.m. on Thursday,1 p.m. on Friday,B
404,"A takes twice as much time as B or thrice as much time as C to finish a piece of work. Working together, they can finish the work in 2 days. B can do the work alone in:",4 days,6 days,8 days,12 days,B
405,A and B can complete a work in 15 days and 10 days respectively. They started doing the work together but after 2 days B had to leave and A alone completed the remaining work. The whole work was completed in :,8 days,10 days,12 days,15 days,C
406,"A and B can do a piece of work in 30 days, while B and C can do the same work in 24 days and C and A in 20 days. They all work together for 10 days when B and C leave. How many days more will A take to finish the work?",18 days,24 days,30 days,36 days,A
407,"A works twice as fast as B. If B can complete a work in 12 days independently, the number of days in which A and B can together finish the work in :",4 days,6 days,8 days,18 days,A
408,Twenty women can do a work in sixteen days. Sixteen men can complete the same work in fifteen days. What is the ratio between the capacity of a man and a woman?,3 : 4,4 : 3,5 : 3,Data inadequate,B
409,How many seconds will a 500 metre long train take to cross a man walking with a speed of 3 km/hr in the direction of the moving train if the speed of the train is 63 km/hr?,25,30,40,45,B
410,"Two goods train each 500 m long, are running in opposite directions on parallel tracks. Their speeds are 45 km/hr and 30 km/hr respectively. Find the time taken by the slower train to pass the driver of the faster one.",12 sec,24 sec,48 sec,60 sec,B
411,"Two trains are running in opposite directions with the same speed. If the length of each train is 120 metres and they cross each other in 12 seconds, then the speed of each train (in km/hr) is:",10,18,36,72,C
412,"Two trains of equal lengths take 10 seconds and 15 seconds respectively to cross a telegraph post. If the length of each train be 120 metres, in what time (in seconds) will they cross each other travelling in opposite direction?",10,12,15,20,B
413,A train 108 m long moving at a speed of 50 km/hr crosses a train 112 m long coming from opposite direction in 6 seconds. The speed of the second train is:,48 km/hr,54 km/hr,66 km/hr,82 km/hr,D
414,"A and B can do a work in 8 days, B and C can do the same work in 12 days. A, B and C together can finish it in 6 days. A and C together will do it in :",4 days,6 days,8 days,12 days,C
418,"A and B together can do a piece of work in 30 days. A having worked for 16 days, B finishes the remaining work alone in 44 days. In how many days shall B finish the whole work alone?",30 days,40 days,60 days,70 days,C
420,"A train overtakes two persons who are walking in the same direction in which the train is going, at the rate of 2 kmph and 4 kmph and passes them completely in 9 and 10 seconds respectively. The length of the train is:",45 m,50 m,54 m,72 m,B
421,A train overtakes two persons walking along a railway track. The first one walks at 4.5 km/hr. The other one walks at 5.4 km/hr. The train needs 8.4 and 8.5 seconds respectively to overtake them. What is the speed of the train if both the persons are walking in the same direction as the train?,66 km/hr,72 km/hr,78 km/hr,81 km/hr,D
422,"A train travelling at 48 kmph completely crosses another train having half its length and travelling in opposite direction at 42 kmph, in 12 seconds. It also passes a railway platform in 45 seconds. The length of the platform is",400 m,450 m,560 m,600 m,A
423,Two stations A and B are 110 km apart on a straight line. One train starts from A at 7 a.m. and travels towards B at 20 kmph. Another train starts from B at 8 a.m. and travels towards A at a speed of 25 kmph. At what time will they meet?,9 a.m.,10 a.m.,10.30 a.m.,11 a.m.,B
